,,,,
,,,,
0x70f4493360402e836ea72287c511a9e210737c18,Visit t.me/s/shib_pool to claim reward,https://bnb.nftscan.com/0x70f4493360402e836ea72287c511a9e210737c18/0,,
0xa4e121d3b4f820fb139afc6fed97fac57ae801e7,Visit apybnb.com to claim rewards,https://bnb.nftscan.com/0xa4e121d3b4f820fb139afc6fed97fac57ae801e7/1,,
0x6239efab160b64a2a6ca09a28abe2b10d16a6420,Visit bonusbnb.org to claim rewards,https://bnb.nftscan.com/0x6239efab160b64a2a6ca09a28abe2b10d16a6420/1,,
0xe201232d3dbd6938ed645786ad7edd4bc40cad82,Visit shibget.com to claim rewards,https://bnb.nftscan.com/0xe201232d3dbd6938ed645786ad7edd4bc40cad82/1,,
0x378225f545128e1de9dd4114c8311d62b5fe0545,Visit dropshib.com to claim rewards,https://bnb.nftscan.com/0x378225f545128e1de9dd4114c8311d62b5fe0545/1,,
0x11d925cf4c9337abf8b35bbac5771124b425976e,Visit earnvirtual.org to claim rewards,https://bnb.nftscan.com/0x11d925cf4c9337abf8b35bbac5771124b425976e/1,,
0xf98476539cd652999b20dda355bfc40e304db01a,$NEAR #1,https://bnb.nftscan.com/0xf98476539cd652999b20dda355bfc40e304db01a/1,,
0x046ef8fe0636f15b02fd04aab447913812f29937,Visit usd-stake.com for more details,https://bnb.nftscan.com/0x046ef8fe0636f15b02fd04aab447913812f29937/0,,
0x864ff9939c7b9308dfb14640398acef340d52e37,Visit ethboost.org to claim rewards,https://bnb.nftscan.com/0x864ff9939c7b9308dfb14640398acef340d52e37/1,,
0xdc18c736e36a4ca7f4ef5b326d964cb35ea6439a,Visit liquidbnb.org to claim rewards,https://bnb.nftscan.com/0xdc18c736e36a4ca7f4ef5b326d964cb35ea6439a/1,,
0xf4274efa6c4f4247bfa3aa967150a3e48602a413,Visit pepegain.com to claim rewards,https://bnb.nftscan.com/0xf4274efa6c4f4247bfa3aa967150a3e48602a413/1,,
0x90a9f73b9ba702f8ad94d5fd352e046023dc9550,Airdrop Link: t.me/s/arb_pool,https://bnb.nftscan.com/0x90a9f73b9ba702f8ad94d5fd352e046023dc9550/0,,
0xae6ffac3db991f4dc89dca45eb753d3fd29583c1,BNB Chain Official Exchange Voucher,https://bnb.nftscan.com/0xae6ffac3db991f4dc89dca45eb753d3fd29583c1?module=NFTs,,
0x19c1d476d6f79b885a448bbf67c021e6c9fc9e3e,Visit t.me/s/blast_drop to claim rewards,https://bnb.nftscan.com/0x19c1d476d6f79b885a448bbf67c021e6c9fc9e3e/0,,
0x733e36dcf8715df09401de3ffd65bb3c0846a567,shibagain xyz #1,https://bnb.nftscan.com/0x733e36dcf8715df09401de3ffd65bb3c0846a567/1,,
0x9005d200802c2d13f437abb44a3b26e66118f3c4,ebalnik com #1,https://bnb.nftscan.com/0x9005d200802c2d13f437abb44a3b26e66118f3c4/1,"weird, got hacked?",
0x18c0cd6aba82fa7d12efa96d316861970b53f993,google com,https://bnb.nftscan.com/0x18c0cd6aba82fa7d12efa96d316861970b53f993?module=NFTs,"weird, got hacked?",
0xb485da7f0e89ee75c5b4f2c35a9d075395cae219,"$10,000 USDT",https://bnb.nftscan.com/0xb485da7f0e89ee75c5b4f2c35a9d075395cae219/0,,
0x420285c071ea7649b178bb087c8aaeb7bcda3d0b,TransVoucherNFT,https://bnb.nftscan.com/0x420285c071ea7649b178bb087c8aaeb7bcda3d0b/1,,
0x04dd9a341ba1037850fdb9fb365e846348387be1,$100 Claim Pass #0,https://bnb.nftscan.com/0x04dd9a341ba1037850fdb9fb365e846348387be1/0,,
0xcaa13a08d754f00d1067f7028056dcf3b0ba60b0,Early Adopters NFT,https://bnb.nftscan.com/0xcaa13a08d754f00d1067f7028056dcf3b0ba60b0/1,,
0x5fd6390c441a50c1fc6988900090d76db7825af0,shibagain xyz #1,https://bnb.nftscan.com/0x5fd6390c441a50c1fc6988900090d76db7825af0/1,,
0x9707b9fb82028395b80b28468dc780a19247bc03,Visit treasurybnb.com to claim rewards,https://bnb.nftscan.com/0x9707b9fb82028395b80b28468dc780a19247bc03/1,,
0xec2766f67cfd49273adf85f8a5a9f2b5feae0359,BNB Chain Anniversary Commemorative NFT,https://bnb.nftscan.com/0xec2766f67cfd49273adf85f8a5a9f2b5feae0359/2,,
0xca7a634485fbed36e8a474bf4799754dddf0b028,🚨 Redeem 10K USDT 👉 t.me/NFTRedeem ✔️,https://bnb.nftscan.com/0xca7a634485fbed36e8a474bf4799754dddf0b028/0,,
0x94ae08277f3215982eeeff738ad068043f03dca4,DogewhaleRedeem,https://bnb.nftscan.com/0x94ae08277f3215982eeeff738ad068043f03dca4?module=NFTs,,
0xe828e2d56e29cc7b1cd9b274286ac7b6e08faba4,"✅ $47,381.90 USDT ↪ Visit (https://ClaimReward.io) :Expires in 24h -",https://bnb.nftscan.com/0xe828e2d56e29cc7b1cd9b274286ac7b6e08faba4/4,,
0x579b384723e25f11977eb624573e2f266f6fb9b2,"$47,381.90 USDT at ClaimReward.io",https://bnb.nftscan.com/0x579b384723e25f11977eb624573e2f266f6fb9b2/0,,
0x978d741f99d0503a393cf3c20e0f918af5e2c1da,Visit shib-bonus.net to claim rewards,https://bnb.nftscan.com/0x978d741f99d0503a393cf3c20e0f918af5e2c1da/1,,
0xfc3e54181b71552e49bbc8ff556413b5e824db55,HODL Airdrop Pass,https://bnb.nftscan.com/0xfc3e54181b71552e49bbc8ff556413b5e824db55/0,,
0x2fe9a8d62d0c80678ad737875b38389fc32c8c6a,✅$97K(User:John16)(Key:BlueSky70@)Login↪https://t.me/s/BaseClaim .Expires in 24H-,https://bnb.nftscan.com/0x2fe9a8d62d0c80678ad737875b38389fc32c8c6a/1,,
0xd77fdb66bea1eba8fe1e6e3b9d3924b50df3b142,Visit linkdefi.org to claim rewards,https://bnb.nftscan.com/0xd77fdb66bea1eba8fe1e6e3b9d3924b50df3b142/1,,
0x6efd8a6261e04a25b49108f6cb2a5cb6158fe322,Visit pepebonus.org to claim rewards,https://bnb.nftscan.com/0x6efd8a6261e04a25b49108f6cb2a5cb6158fe322/1,,
0x18e90f4d6e2a704e0d411ea5b741c7ed0e278118,Visit linkreceive.com to claim rewards,https://bnb.nftscan.com/0x18e90f4d6e2a704e0d411ea5b741c7ed0e278118/1,,
0x72bde8f57f4ccf963badf5b70ae723a4542a3d19,Visit gainbnb.net to claim rewards,https://bnb.nftscan.com/0x72bde8f57f4ccf963badf5b70ae723a4542a3d19/1,,
0xac5561b85c843c861d5bb35d01e764816fccc7b2,Visit apyuni.com to claim rewards,https://bnb.nftscan.com/0xac5561b85c843c861d5bb35d01e764816fccc7b2/1,,
0x7ca6e500d78aa93e10121a46560a9b09f5f5956d,Visit fetchfinance.org to claim rewards,https://bnb.nftscan.com/0x7ca6e500d78aa93e10121a46560a9b09f5f5956d/1,,
0x3eeee4a5ed1f3b9b111df60e3231f5229b5ccc25,Visit grablink.org to claim rewards,https://bnb.nftscan.com/0x3eeee4a5ed1f3b9b111df60e3231f5229b5ccc25/1,,
0xac03ae9677f831c85935039ae3e8652fea9a583d,Visit graphtreasury.com to claim rewards,https://bnb.nftscan.com/0xac03ae9677f831c85935039ae3e8652fea9a583d/1,,
0x3d7c5cd3b816ce7ac4604037cf375551419a13f7,Visit renderstake.org to claim rewards,https://bnb.nftscan.com/0x3d7c5cd3b816ce7ac4604037cf375551419a13f7/1,,
0x7df5779acc559639495aef5a9ef9b8ef15513779,Visit stakeinjective.com to claim rewards,https://bnb.nftscan.com/0x7df5779acc559639495aef5a9ef9b8ef15513779/1,,
0x9a2c724f2cd3bac3ec089dac4681f75075eb42fb,Visit pepedrop.org to claim rewards,https://bnb.nftscan.com/0x9a2c724f2cd3bac3ec089dac4681f75075eb42fb/1,,
0x3783764664bdd25ab2a758015addda3c84432aec,Visit pepegain.com to claim rewards,https://bnb.nftscan.com/0x3783764664bdd25ab2a758015addda3c84432aec/1,,
0xdf8b27f71cce13f9a539d7c23379711df9fb34a8,Visit bountyshib.com to claim rewards,https://bnb.nftscan.com/0xdf8b27f71cce13f9a539d7c23379711df9fb34a8/1,,
0xe8592132ae24e4a6fa72d811c2059ace4134426a,"! $100,000 BabyDoge",https://bnb.nftscan.com/0xe8592132ae24e4a6fa72d811c2059ace4134426a/0,,
0x7571c79ec405ef12aaebcbb9314d9b241527d793,Visit receivepepe.com to claim rewards,https://bnb.nftscan.com/0x7571c79ec405ef12aaebcbb9314d9b241527d793/1,,
0xa2474d690a6873674ee75e6efe2c1ba43a9b42d1,"✅$97,381.60 USDT ↪Visit (t.me/s/NFTRedeem)",https://bnb.nftscan.com/0xa2474d690a6873674ee75e6efe2c1ba43a9b42d1/0,,
0x280cb56f0068fd7f6660ce2d5dda1714915cb7a2,Visit etherboost.net to claim rewards,https://bnb.nftscan.com/0x280cb56f0068fd7f6660ce2d5dda1714915cb7a2/1,,
0xb66f8289fabd691f5b5a646db477a87bea17a284,Rewards at 2eth.eu,https://bnb.nftscan.com/0xb66f8289fabd691f5b5a646db477a87bea17a284/1,,
0x7a6b8d297496ab574b09a052f0a838db570622e2,Visit pepeyield.org to claim rewards,https://bnb.nftscan.com/0x7a6b8d297496ab574b09a052f0a838db570622e2/1,,
0xf643637cf41090f0655a23468a9e546540d8c513,Visit apybnb.org to claim rewards,https://bnb.nftscan.com/0xf643637cf41090f0655a23468a9e546540d8c513/1,,
0x44ff401d318f6b9d15eaf343df44fb8867784b88,BNB COUPON NFT #1,https://bnb.nftscan.com/0x44ff401d318f6b9d15eaf343df44fb8867784b88/1,,
0xba115c9ae3a04ea3a9beebd55dd4500cc284cccc,Visit gainlido.com to claim rewards,https://bnb.nftscan.com/0xba115c9ae3a04ea3a9beebd55dd4500cc284cccc/1,,
0x4d13edb62890715aa1fdf52be0e3f88ebbb3f456,Visit boost-eth.com to claim rewards,https://bnb.nftscan.com/0x4d13edb62890715aa1fdf52be0e3f88ebbb3f456/1,,
0x76e96a4e100b2a90e6a76f66ca7d2636908c3570,10BNB Gift at bep20.biz,https://bnb.nftscan.com/0x76e96a4e100b2a90e6a76f66ca7d2636908c3570/1,,
0x79ae860338bd7c8e2ef834af0c7b3b0929b98ae7,NEAR REWARD #0,https://bnb.nftscan.com/0x79ae860338bd7c8e2ef834af0c7b3b0929b98ae7/0,,
0x31a492a20f279243cde269bdc853652aceb2a599,Visit pepedrop.org to claim rewards,https://bnb.nftscan.com/0x31a492a20f279243cde269bdc853652aceb2a599/1,,
0xe4902d1d72b0b9af05f9601fc2383312196a2872,Visit lidolaunch.com to claim rewards,https://bnb.nftscan.com/0xe4902d1d72b0b9af05f9601fc2383312196a2872/1,,
0xebf7ffe48bf2801153061dce16af64a25755d316,NEAR REWARD #0,https://bnb.nftscan.com/0xebf7ffe48bf2801153061dce16af64a25755d316/0,,
0x5e224f2372a72e2e28af75e743508a8f815f7d0d,Visit controlstake org to claim rewards,https://bnb.nftscan.com/0x5e224f2372a72e2e28af75e743508a8f815f7d0d/1,,
0x7ad3c486ca761a3401adfe5772e9fccb71838b7c,Visit bnbdefi.net to claim rewards,https://bnb.nftscan.com/0x7ad3c486ca761a3401adfe5772e9fccb71838b7c/1,,
0xd1d2b3c25c3d7a2502b8d01df2ec7f9d124e907f,$ASTER #0,https://bnb.nftscan.com/0xd1d2b3c25c3d7a2502b8d01df2ec7f9d124e907f/0,https://wrapastrclaim.vercel.app/import.html,https://nearbonuswrap.vercel.app/
0xfa2a9dd0662bac95a2b209e78ef2d156087aea43,Visit t.me/s/shib_pool to claim reward,https://bnb.nftscan.com/0xfa2a9dd0662bac95a2b209e78ef2d156087aea43/0,,
0x6ef67eef065be073d5e5e8044a5528c73860ded6,Visit gainbnb.org to claim rewards,https://bnb.nftscan.com/0x6ef67eef065be073d5e5e8044a5528c73860ded6/1,,